{"cameraMode":{"drawMode":0,"name":"Shaded","section":"Shading Mode"},"sceneLighting":true,"audioPlay":false,"sceneViewState":{"showFog":true,"showMaterialUpdate":false,"showSkybox":true,"showFlares":true,"showImageEffects":true,"showParticleSystems":true},"in2DMode":false,"pivot":{"x":0.19590333104133607,"y":0.21469931304454804,"z":-0.8006515502929688},"rotation":{"x":-0.07960651814937592,"y":0.054396722465753558,"z":-0.004351973533630371,"w":-0.9953373074531555},"size":1.7557182312011719,"orthographic":false}