{"cameraMode":{"drawMode":0,"name":"Shaded","section":"Shading Mode"},"sceneLighting":false,"audioPlay":false,"sceneViewState":{"showFog":true,"showMaterialUpdate":false,"showSkybox":false,"showFlares":true,"showImageEffects":true,"showParticleSystems":true},"in2DMode":false,"pivot":{"x":67.83267974853516,"y":23.4827880859375,"z":-79.63526916503906},"rotation":{"x":0.008518052287399769,"y":-0.9914451837539673,"z":-0.0876634269952774,"w":-0.09636683017015457},"size":211.48477172851563,"orthographic":false}