{"cameraMode":{"drawMode":0,"name":"Shaded","section":"Shading Mode"},"sceneLighting":false,"audioPlay":false,"sceneViewState":{"showFog":true,"showMaterialUpdate":false,"showSkybox":false,"showFlares":true,"showImageEffects":true,"showParticleSystems":true},"in2DMode":false,"pivot":{"x":21.16515350341797,"y":11.725395202636719,"z":0.0},"rotation":{"x":-0.07960651814937592,"y":0.054396722465753558,"z":-0.004351973533630371,"w":-0.9953373074531555},"size":45.847679138183597,"orthographic":false}